{"cameraMode":{"drawMode":0,"name":"Shaded","section":"Shading Mode"},"sceneLighting":false,"audioPlay":false,"sceneViewState":{"showFog":true,"showMaterialUpdate":false,"showSkybox":false,"showFlares":true,"showImageEffects":true,"showParticleSystems":true,"showVisualEffectGraphs":true,"m_FxEnabled":true},"in2DMode":false,"pivot":{"x":-3.570000171661377,"y":1.6900100708007813,"z":1.6000100374221802},"rotation":{"x":0.13299255073070527,"y":-0.2195850908756256,"z":0.030247006565332414,"w":0.9660495519638062},"size":0.3741791844367981,"orthographic":true}