{"cameraMode":{"drawMode":0,"name":"Shaded","section":"Shading Mode"},"sceneLighting":false,"audioPlay":false,"sceneViewState":{"showFog":true,"showMaterialUpdate":false,"showSkybox":false,"showFlares":true,"showImageEffects":true,"showParticleSystems":true,"showVisualEffectGraphs":true,"m_FxEnabled":true},"in2DMode":false,"pivot":{"x":-3.299989938735962,"y":1.6900100708007813,"z":0.000010013580322265625},"rotation":{"x":0.3316832184791565,"y":-0.18787428736686707,"z":0.06759129464626312,"w":0.9220578074455261},"size":0.3464275598526001,"orthographic":false}