{"cameraMode":{"drawMode":0,"name":"Shaded","section":"Shading Mode"},"sceneLighting":false,"audioPlay":false,"sceneViewState":{"showFog":true,"showMaterialUpdate":false,"showSkybox":false,"showFlares":true,"showImageEffects":true,"showParticleSystems":true,"showVisualEffectGraphs":true,"m_FxEnabled":true},"in2DMode":false,"pivot":{"x":-2.495673418045044,"y":1.6914499998092652,"z":-0.004232466220855713},"rotation":{"x":-0.05716371536254883,"y":0.9357501864433289,"z":-0.17929808795452119,"w":-0.29840484261512759},"size":0.3464275598526001,"orthographic":false}