{"cameraMode":{"drawMode":0,"name":"Shaded","section":"Shading Mode"},"sceneLighting":false,"audioPlay":false,"sceneViewState":{"showFog":true,"showMaterialUpdate":false,"showSkybox":false,"showFlares":true,"showImageEffects":true,"showParticleSystems":true,"showVisualEffectGraphs":true,"m_FxEnabled":true},"in2DMode":false,"pivot":{"x":-3.5799999237060549,"y":1.8280019760131837,"z":0.8000020384788513},"rotation":{"x":0.0614781528711319,"y":0.9150028228759766,"z":-0.15264835953712464,"w":0.36844000220298769},"size":0.6600027084350586,"orthographic":false}