{"cameraMode":{"drawMode":0,"name":"Shaded","section":"Shading Mode"},"sceneLighting":false,"audioPlay":false,"sceneViewState":{"showFog":true,"showMaterialUpdate":false,"showSkybox":false,"showFlares":true,"showImageEffects":true,"showParticleSystems":true,"showVisualEffectGraphs":true,"m_FxEnabled":true},"in2DMode":false,"pivot":{"x":-0.28181761503219607,"y":0.04379941523075104,"z":-0.22394627332687379},"rotation":{"x":-0.015506050549447537,"y":0.9274004101753235,"z":-0.3718254864215851,"w":-0.03869437053799629},"size":0.6000133752822876,"orthographic":false}