{"cameraMode":{"drawMode":0,"name":"Shaded","section":"Shading Mode"},"sceneLighting":true,"audioPlay":false,"sceneViewState":{"showFog":true,"showMaterialUpdate":false,"showSkybox":true,"showFlares":true,"showImageEffects":true,"showParticleSystems":true,"showVisualEffectGraphs":true,"m_FxEnabled":true},"in2DMode":false,"pivot":{"x":-0.25504279136657717,"y":2.9763810634613039,"z":0.11449205875396729},"rotation":{"x":0.053558167070150378,"y":-0.65534508228302,"z":0.04625427722930908,"w":0.7522047162055969},"size":3.058126926422119,"orthographic":false}