{"cameraMode":{"drawMode":0,"name":"Shaded","section":"Shading Mode"},"sceneLighting":true,"audioPlay":false,"sceneViewState":{"showFog":true,"showMaterialUpdate":false,"showSkybox":true,"showFlares":true,"showImageEffects":true,"showParticleSystems":true,"showVisualEffectGraphs":true,"m_FxEnabled":true},"in2DMode":false,"pivot":{"x":-3.5993196964263918,"y":1.451148509979248,"z":-0.07203449308872223},"rotation":{"x":-0.15739861130714417,"y":-0.8284310698509216,"z":0.2868227958679199,"w":-0.45461100339889529},"size":0.21413445472717286,"orthographic":false}