{"cameraMode":{"drawMode":0,"name":"Shaded","section":"Shading Mode"},"sceneLighting":true,"audioPlay":false,"sceneViewState":{"showFog":true,"showMaterialUpdate":false,"showSkybox":true,"showFlares":true,"showImageEffects":true,"showParticleSystems":true,"showVisualEffectGraphs":true,"m_FxEnabled":true},"in2DMode":false,"pivot":{"x":-0.7243434190750122,"y":0.6879979372024536,"z":-1.1730527877807618},"rotation":{"x":-0.00964423455297947,"y":-0.9766215085983276,"z":0.21000802516937257,"w":-0.044852327555418017},"size":6.545756816864014,"orthographic":false}