{"cameraMode":{"drawMode":0,"name":"Shaded","section":"Shading Mode"},"sceneLighting":true,"audioPlay":false,"sceneViewState":{"showFog":true,"showMaterialUpdate":false,"showSkybox":true,"showFlares":true,"showImageEffects":true,"showParticleSystems":true,"showVisualEffectGraphs":true,"m_FxEnabled":true},"in2DMode":false,"pivot":{"x":-0.9457282423973084,"y":3.2083632946014406,"z":-0.8832155466079712},"rotation":{"x":0.28202980756759646,"y":-0.07590680569410324,"z":0.022290468215942384,"w":0.9561893343925476},"size":2.803339958190918,"orthographic":false}