{"cameraMode":{"drawMode":0,"name":"Shaded","section":"Shading Mode"},"sceneLighting":false,"audioPlay":false,"sceneViewState":{"showFog":true,"showMaterialUpdate":false,"showSkybox":false,"showFlares":true,"showImageEffects":true,"showParticleSystems":true,"showVisualEffectGraphs":true,"m_FxEnabled":true},"in2DMode":false,"pivot":{"x":-3.6110000610351564,"y":1.3380000591278077,"z":-1.2860000133514405},"rotation":{"x":-0.38600942492485049,"y":0.13404014706611634,"z":-0.056801605969667438,"w":-0.9109419584274292},"size":0.05316385626792908,"orthographic":false}