{"cameraMode":{"drawMode":0,"name":"Shaded","section":"Shading Mode"},"sceneLighting":true,"audioPlay":false,"sceneViewState":{"showFog":true,"showMaterialUpdate":false,"showSkybox":true,"showFlares":true,"showImageEffects":true,"showParticleSystems":true},"in2DMode":false,"pivot":{"x":-0.2918663024902344,"y":0.6612681150436401,"z":-1.338727355003357},"rotation":{"x":-0.1948128491640091,"y":0.4458850622177124,"z":-0.10008757561445236,"w":-0.867880642414093},"size":2.9715566635131838,"orthographic":false}